{
  "timestamp": "20251224_155504",
  "model": "bigcode/tiny_starcoder_py (GGUF)",
  "total_prompts": 50,
  "successful": 50,
  "failed": 0,
  "categories": {
    "easy": {
      "avg": 12.649705839157104,
      "min": 1.52718186378479,
      "max": 20.903315782546997,
      "median": 15.836436033248901,
      "stdev": 7.405918066403076,
      "count": 25
    },
    "medium": {
      "avg": 18.773600788116454,
      "min": 3.9733030796051025,
      "max": 23.0780508518219,
      "median": 20.789597511291504,
      "stdev": 5.432201500215296,
      "count": 25
    }
  },
  "overall": {
    "avg": 15.71165331363678,
    "min": 1.52718186378479,
    "max": 23.0780508518219,
    "median": 19.686939120292664,
    "stdev": 7.133323022622632,
    "count": 50
  }
}