{
  "timestamp": "20251223_181050",
  "model": "microsoft/Phi-3.5-mini-instruct",
  "total_prompts": 50,
  "successful": 50,
  "failed": 0,
  "json_valid": 50,
  "json_success_rate": "100.0%",
  "categories": {
    "easy": {
      "avg": 94.2608203792572,
      "min": 66.77146887779236,
      "max": 109.92996764183044,
      "median": 94.46896147727966,
      "stdev": 6.800854886033505,
      "count": 25
    },
    "medium": {
      "avg": 94.30030760765075,
      "min": 70.75436449050903,
      "max": 99.62213850021362,
      "median": 96.71089267730713,
      "stdev": 7.340879990541871,
      "count": 25
    }
  },
  "overall": {
    "avg": 94.28056399345398,
    "min": 66.77146887779236,
    "max": 109.92996764183044,
    "median": 95.21348190307617,
    "stdev": 7.003472899007145,
    "count": 50
  }
}