{
  "timestamp": "20251228_140645",
  "model": "microsoft/Phi-3.5-mini-instruct",
  "total_prompts": 50,
  "successful": 50,
  "failed": 0,
  "json_valid": 50,
  "json_success_rate": "100.0%",
  "categories": {
    "easy": {
      "avg": 89.64468316078187,
      "min": 7.031148195266724,
      "max": 331.6191463470459,
      "median": 12.082448482513428,
      "stdev": 120.27780566236416,
      "count": 25
    },
    "medium": {
      "avg": 93.48813556671142,
      "min": 6.29020619392395,
      "max": 268.5902810096741,
      "median": 12.091568231582642,
      "stdev": 112.61533893499046,
      "count": 25
    }
  },
  "overall": {
    "avg": 91.56640936374664,
    "min": 6.29020619392395,
    "max": 331.6191463470459,
    "median": 12.087008357048035,
    "stdev": 115.33091819925394,
    "count": 50
  }
}