{
  "timestamp": "20251224_172253",
  "model": "google/flan-t5-base",
  "total_prompts": 50,
  "successful": 50,
  "failed": 0,
  "categories": {
    "easy": {
      "avg": 1.955017328262329,
      "min": 0.6095671653747559,
      "max": 20.354999542236328,
      "median": 0.7995786666870117,
      "stdev": 4.144268634690336,
      "count": 25
    },
    "medium": {
      "avg": 2.138607063293457,
      "min": 0.7926735877990723,
      "max": 18.869415760040283,
      "median": 1.0634574890136719,
      "stdev": 3.8457369446207457,
      "count": 25
    }
  },
  "overall": {
    "avg": 2.046812195777893,
    "min": 0.6095671653747559,
    "max": 20.354999542236328,
    "median": 0.9359862804412842,
    "stdev": 3.957872647541978,
    "count": 50
  }
}