{
  "timestamp": "20251224_161813",
  "model": "bigcode/tiny_starcoder_py (GGUF)",
  "total_prompts": 50,
  "successful": 50,
  "failed": 0,
  "categories": {
    "easy": {
      "avg": 14.974241256713867,
      "min": 2.5967984199523926,
      "max": 26.23349905014038,
      "median": 21.28825545310974,
      "stdev": 8.559268350085588,
      "count": 25
    },
    "medium": {
      "avg": 18.32969514846802,
      "min": 3.606163501739502,
      "max": 22.515567779541016,
      "median": 20.226945400238037,
      "stdev": 5.318792464765591,
      "count": 25
    }
  },
  "overall": {
    "avg": 16.651968202590943,
    "min": 2.5967984199523926,
    "max": 26.23349905014038,
    "median": 20.40356683731079,
    "stdev": 7.253364393999264,
    "count": 50
  }
}