{
  "timestamp": "20251224_182630",
  "model": "DeepSeek-R1-Distill-Qwen-1.5B (GGUF Q4_K_M)",
  "total_prompts": 50,
  "successful": 50,
  "failed": 0,
  "categories": {
    "easy": {
      "avg": 4.611093406677246,
      "min": 1.4393980503082275,
      "max": 38.234583139419556,
      "median": 3.039486885070801,
      "stdev": 7.090229948597798,
      "count": 25
    },
    "medium": {
      "avg": 6.953163290023804,
      "min": 1.9721815586090088,
      "max": 39.05587291717529,
      "median": 3.167337656021118,
      "stdev": 9.972989131669161,
      "count": 25
    }
  },
  "overall": {
    "avg": 5.782128348350525,
    "min": 1.4393980503082275,
    "max": 39.05587291717529,
    "median": 3.1481122970581055,
    "stdev": 8.64507774589539,
    "count": 50
  }
}