{
  "timestamp": "20251224_185213",
  "model": "TinyLlama-1.1B-Chat Q3_K_M GGUF",
  "total_prompts": 50,
  "successful": 50,
  "failed": 0,
  "categories": {
    "easy": {
      "avg": 9.689165592193604,
      "min": 2.778945207595825,
      "max": 18.72058415412903,
      "median": 8.557995319366455,
      "stdev": 4.95385053353691,
      "count": 25
    },
    "medium": {
      "avg": 15.135225734710694,
      "min": 5.751103162765503,
      "max": 24.345139980316162,
      "median": 12.169229984283447,
      "stdev": 6.939531637762265,
      "count": 25
    }
  },
  "overall": {
    "avg": 12.412195663452149,
    "min": 2.778945207595825,
    "max": 24.345139980316162,
    "median": 11.219765543937683,
    "stdev": 6.570637010543647,
    "count": 50
  }
}